enrolment_id,student_id,course_id,cohort_id,status,dropout_reason,employment_status
ENR-00001,STU-0054,CRS-01,C1,Unknown,N/A,N/A
ENR-00002,STU-0109,CRS-01,C1,Dropped,Relocation,N/A
ENR-00003,STU-0080,CRS-01,C1,Completed,N/A,Unknown
ENR-00004,STU-0247,CRS-01,C1,Completed,N/A,Unknown
ENR-00005,STU-0115,CRS-01,C1,Completed,N/A,Unknown
ENR-00006,STU-0217,CRS-01,C1,Completed,N/A,Unknown
ENR-00007,STU-0028,CRS-01,C1,Completed,N/A,Unknown
ENR-00008,STU-0090,CRS-01,C1,Unknown,N/A,N/A
ENR-00009,STU-0255,CRS-01,C1,Completed,N/A,Unknown
ENR-00010,STU-0143,CRS-01,C1,Completed,N/A,Unknown
ENR-00011,STU-0095,CRS-01,C1,Completed,N/A,Unknown
ENR-00012,STU-0030,CRS-01,C1,Completed,N/A,Unknown
ENR-00013,STU-0196,CRS-01,C1,Completed,N/A,Unknown
ENR-00014,STU-0072,CRS-01,C1,Completed,N/A,Unknown
ENR-00015,STU-0147,CRS-01,C1,Completed,N/A,Unknown
ENR-00016,STU-0058,CRS-01,C1,Completed,N/A,Unknown
ENR-00017,STU-0207,CRS-01,C1,Completed,N/A,Unknown
ENR-00018,STU-0110,CRS-01,C1,Completed,N/A,Unknown
ENR-00019,STU-0252,CRS-01,C1,Completed,N/A,Unknown
ENR-00020,STU-0144,CRS-01,C1,Completed,N/A,Unknown
ENR-00021,STU-0197,CRS-01,C1,Completed,N/A,Unknown
ENR-00022,STU-0210,CRS-01,C1,Completed,N/A,Unknown
ENR-00023,STU-0160,CRS-01,C1,Completed,N/A,Unknown
ENR-00024,STU-0158,CRS-01,C1,Completed,N/A,Unknown
ENR-00025,STU-0173,CRS-01,C1,Completed,N/A,Unknown
ENR-00026,STU-0165,CRS-01,C1,Completed,N/A,Unknown
ENR-00027,STU-0251,CRS-01,C1,Completed,N/A,Unknown
ENR-00028,STU-0007,CRS-01,C1,Completed,N/A,Unknown
ENR-00029,STU-0156,CRS-01,C1,Completed,N/A,Unknown
ENR-00030,STU-0213,CRS-01,C2,Completed,N/A,Unknown
ENR-00031,STU-0140,CRS-01,C2,Completed,N/A,Unknown
ENR-00032,STU-0111,CRS-01,C2,Completed,N/A,Unknown
ENR-00033,STU-0059,CRS-01,C2,Completed,N/A,Unknown
ENR-00034,STU-0177,CRS-01,C2,Completed,N/A,Unknown
ENR-00035,STU-0258,CRS-01,C2,Completed,N/A,Unknown
ENR-00036,STU-0029,CRS-01,C2,Completed,N/A,Unknown
ENR-00037,STU-0073,CRS-01,C2,Completed,N/A,Unknown
ENR-00038,STU-0174,CRS-01,C2,Completed,N/A,Unknown
ENR-00039,STU-0252,CRS-01,C2,Completed,N/A,Unknown
ENR-00040,STU-0152,CRS-01,C2,Completed,N/A,Unknown
ENR-00041,STU-0125,CRS-01,C2,Completed,N/A,Unknown
ENR-00042,STU-0135,CRS-01,C2,Completed,N/A,Unknown
ENR-00043,STU-0171,CRS-01,C2,Completed,N/A,Unknown
ENR-00044,STU-0079,CRS-01,C2,Completed,N/A,Unknown
ENR-00045,STU-0012,CRS-01,C2,Completed,N/A,Unknown
ENR-00046,STU-0057,CRS-01,C2,Completed,N/A,Unknown
ENR-00047,STU-0102,CRS-01,C2,Completed,N/A,Unknown
ENR-00048,STU-0154,CRS-01,C2,Completed,N/A,Unknown
ENR-00049,STU-0015,CRS-01,C2,Unknown,N/A,N/A
ENR-00050,STU-0002,CRS-01,C2,Completed,N/A,Unknown
ENR-00051,STU-0053,CRS-01,C2,Unknown,N/A,N/A
ENR-00052,STU-0078,CRS-01,C2,Completed,N/A,Unknown
ENR-00053,STU-0055,CRS-01,C2,Completed,N/A,Unknown
ENR-00054,STU-0197,CRS-01,C2,Completed,N/A,Unknown
ENR-00055,STU-0036,CRS-01,C2,Completed,N/A,Unknown
ENR-00056,STU-0196,CRS-01,C2,Completed,N/A,Unknown
ENR-00057,STU-0066,CRS-01,C2,Completed,N/A,Unknown
ENR-00058,STU-0075,CRS-01,C2,Completed,N/A,Unknown
ENR-00059,STU-0084,CRS-01,C2,Completed,N/A,Unknown
ENR-00060,STU-0031,CRS-01,C2,Unknown,N/A,N/A
ENR-00061,STU-0240,CRS-01,C2,Completed,N/A,Unknown
ENR-00062,STU-0171,CRS-02,C2,Completed,N/A,Unknown
ENR-00063,STU-0087,CRS-02,C2,Completed,N/A,Unknown
ENR-00064,STU-0040,CRS-02,C2,Completed,N/A,Unknown
ENR-00065,STU-0059,CRS-02,C2,Completed,N/A,Unknown
ENR-00066,STU-0100,CRS-02,C2,Completed,N/A,Unknown
ENR-00067,STU-0232,CRS-02,C2,Completed,N/A,Unknown
ENR-00068,STU-0199,CRS-02,C2,Completed,N/A,Unknown
ENR-00069,STU-0090,CRS-02,C2,Unknown,N/A,N/A
ENR-00070,STU-0253,CRS-02,C2,Completed,N/A,Unknown
ENR-00071,STU-0187,CRS-02,C2,Completed,N/A,Unknown
ENR-00072,STU-0246,CRS-02,C2,Completed,N/A,Unknown
ENR-00073,STU-0210,CRS-02,C2,Unknown,N/A,N/A
ENR-00074,STU-0166,CRS-02,C2,Completed,N/A,Unknown
ENR-00075,STU-0209,CRS-02,C2,Completed,N/A,Unknown
ENR-00076,STU-0038,CRS-02,C2,Completed,N/A,Unknown
ENR-00077,STU-0061,CRS-02,C2,Completed,N/A,Unknown
ENR-00078,STU-0027,CRS-02,C2,Completed,N/A,Unknown
ENR-00079,STU-0250,CRS-02,C2,Completed,N/A,Unknown
ENR-00080,STU-0066,CRS-02,C2,Completed,N/A,Unknown
ENR-00081,STU-0051,CRS-02,C2,Completed,N/A,Unknown
ENR-00082,STU-0045,CRS-02,C2,Completed,N/A,Unknown
ENR-00083,STU-0155,CRS-02,C2,Completed,N/A,Unknown
ENR-00084,STU-0258,CRS-02,C2,Completed,N/A,Unknown
ENR-00085,STU-0195,CRS-02,C2,Dropped,Employment,N/A
ENR-00086,STU-0237,CRS-02,C2,Unknown,N/A,N/A
ENR-00087,STU-0260,CRS-04,C2,Completed,N/A,Unknown
ENR-00088,STU-0197,CRS-04,C2,Unknown,N/A,N/A
ENR-00089,STU-0237,CRS-04,C2,Completed,N/A,Unknown
ENR-00090,STU-0022,CRS-04,C2,Completed,N/A,Unknown
ENR-00091,STU-0231,CRS-04,C2,Completed,N/A,Unknown
ENR-00092,STU-0097,CRS-04,C2,Completed,N/A,Unknown
ENR-00093,STU-0165,CRS-04,C2,Completed,N/A,Unknown
ENR-00094,STU-0244,CRS-04,C2,Completed,N/A,Unknown
ENR-00095,STU-0257,CRS-04,C2,Completed,N/A,Unknown
ENR-00096,STU-0078,CRS-04,C2,Completed,N/A,Unknown
ENR-00097,STU-0032,CRS-04,C2,Completed,N/A,Unknown
ENR-00098,STU-0053,CRS-04,C2,Completed,N/A,Unknown
ENR-00099,STU-0176,CRS-04,C2,Dropped,Unknown,N/A
ENR-00100,STU-0044,CRS-04,C2,Completed,N/A,Unknown
ENR-00101,STU-0259,CRS-04,C2,Completed,N/A,Unknown
ENR-00102,STU-0089,CRS-04,C2,Completed,N/A,Unknown
ENR-00103,STU-0021,CRS-04,C2,Completed,N/A,Unknown
ENR-00104,STU-0127,CRS-04,C2,Unknown,N/A,N/A
ENR-00105,STU-0225,CRS-04,C2,Completed,N/A,Unknown
ENR-00106,STU-0082,CRS-04,C2,Completed,N/A,Unknown
ENR-00107,STU-0067,CRS-05,C2,Completed,N/A,Unknown
ENR-00108,STU-0044,CRS-05,C2,Completed,N/A,Unknown
ENR-00109,STU-0159,CRS-05,C2,Completed,N/A,Unknown
ENR-00110,STU-0193,CRS-05,C2,Dropped,Employment,N/A
ENR-00111,STU-0169,CRS-05,C2,Completed,N/A,Unknown
ENR-00112,STU-0209,CRS-05,C2,Dropped,Disengaged,N/A
ENR-00113,STU-0033,CRS-05,C2,Completed,N/A,Unknown
ENR-00114,STU-0172,CRS-05,C2,Completed,N/A,Unknown
ENR-00115,STU-0180,CRS-05,C2,Completed,N/A,Unknown
ENR-00116,STU-0213,CRS-05,C2,Completed,N/A,Unknown
ENR-00117,STU-0243,CRS-05,C2,Completed,N/A,Unknown
ENR-00118,STU-0190,CRS-05,C2,Completed,N/A,Unknown
ENR-00119,STU-0176,CRS-05,C2,Dropped,Disengaged,N/A
ENR-00120,STU-0234,CRS-05,C2,Dropped,Employment,N/A
ENR-00121,STU-0135,CRS-05,C2,Completed,N/A,Unknown
ENR-00122,STU-0024,CRS-05,C2,Completed,N/A,Unknown
ENR-00123,STU-0166,CRS-05,C2,Completed,N/A,Unknown
ENR-00124,STU-0253,CRS-05,C2,Completed,N/A,Unknown
ENR-00125,STU-0109,CRS-05,C2,Completed,N/A,Unknown
ENR-00126,STU-0131,CRS-05,C2,Completed,N/A,Unknown
ENR-00127,STU-0093,CRS-05,C2,Completed,N/A,Unknown
ENR-00128,STU-0005,CRS-05,C2,Completed,N/A,Unknown
ENR-00129,STU-0240,CRS-05,C2,Completed,N/A,Unknown
ENR-00130,STU-0080,CRS-05,C2,Completed,N/A,Unknown
ENR-00131,STU-0047,CRS-05,C2,Dropped,Financial,N/A
ENR-00132,STU-0055,CRS-05,C2,Dropped,Financial,N/A
ENR-00133,STU-0088,CRS-05,C2,Unknown,N/A,N/A
ENR-00134,STU-0197,CRS-05,C2,Unknown,N/A,N/A
ENR-00135,STU-0125,CRS-05,C2,Completed,N/A,Unknown
ENR-00136,STU-0050,CRS-05,C2,Completed,N/A,Unknown
ENR-00137,STU-0258,CRS-01,C3,Completed,N/A,Unknown
ENR-00138,STU-0215,CRS-01,C3,Unknown,N/A,N/A
ENR-00139,STU-0083,CRS-01,C3,Completed,N/A,Unknown
ENR-00140,STU-0103,CRS-01,C3,Completed,N/A,Unknown
ENR-00141,STU-0071,CRS-01,C3,Completed,N/A,Unknown
ENR-00142,STU-0224,CRS-01,C3,Completed,N/A,Unknown
ENR-00143,STU-0065,CRS-01,C3,Completed,N/A,Unknown
ENR-00144,STU-0014,CRS-01,C3,Completed,N/A,Unknown
ENR-00145,STU-0165,CRS-01,C3,Completed,N/A,Unknown
ENR-00146,STU-0124,CRS-01,C3,Unknown,N/A,N/A
ENR-00147,STU-0255,CRS-01,C3,Completed,N/A,Unknown
ENR-00148,STU-0096,CRS-01,C3,Completed,N/A,Unknown
ENR-00149,STU-0142,CRS-01,C3,Unknown,N/A,N/A
ENR-00150,STU-0240,CRS-01,C3,Dropped,Family,N/A
ENR-00151,STU-0027,CRS-01,C3,Dropped,Employment,N/A
ENR-00152,STU-0183,CRS-01,C3,Completed,N/A,Unknown
ENR-00153,STU-0217,CRS-01,C3,Dropped,Family,N/A
ENR-00154,STU-0133,CRS-01,C3,Completed,N/A,Unknown
ENR-00155,STU-0218,CRS-01,C3,Completed,N/A,Unknown
ENR-00156,STU-0032,CRS-01,C3,Completed,N/A,Unknown
ENR-00157,STU-0073,CRS-01,C3,Completed,N/A,Unknown
ENR-00158,STU-0022,CRS-01,C3,Completed,N/A,Unknown
ENR-00159,STU-0196,CRS-01,C3,Completed,N/A,Unknown
ENR-00160,STU-0042,CRS-01,C3,Dropped,Financial,N/A
ENR-00161,STU-0070,CRS-01,C3,Completed,N/A,Unknown
ENR-00162,STU-0116,CRS-01,C3,Completed,N/A,Unknown
ENR-00163,STU-0232,CRS-01,C3,Completed,N/A,Unknown
ENR-00164,STU-0132,CRS-01,C3,Completed,N/A,Unknown
ENR-00165,STU-0038,CRS-01,C3,Completed,N/A,Unknown
ENR-00166,STU-0213,CRS-01,C3,Completed,N/A,Unknown
ENR-00167,STU-0235,CRS-02,C3,Completed,N/A,Unknown
ENR-00168,STU-0033,CRS-02,C3,Completed,N/A,Unknown
ENR-00169,STU-0057,CRS-02,C3,Completed,N/A,Unknown
ENR-00170,STU-0256,CRS-02,C3,Completed,N/A,Unknown
ENR-00171,STU-0009,CRS-02,C3,Unknown,N/A,N/A
ENR-00172,STU-0162,CRS-02,C3,Completed,N/A,Unknown
ENR-00173,STU-0132,CRS-02,C3,Completed,N/A,Unknown
ENR-00174,STU-0148,CRS-02,C3,Dropped,Relocation,N/A
ENR-00175,STU-0062,CRS-02,C3,Completed,N/A,Unknown
ENR-00176,STU-0184,CRS-02,C3,Completed,N/A,Unknown
ENR-00177,STU-0037,CRS-02,C3,Completed,N/A,Unknown
ENR-00178,STU-0075,CRS-02,C3,Completed,N/A,Unknown
ENR-00179,STU-0110,CRS-02,C3,Completed,N/A,Unknown
ENR-00180,STU-0001,CRS-02,C3,Completed,N/A,Unknown
ENR-00181,STU-0158,CRS-02,C3,Completed,N/A,Unknown
ENR-00182,STU-0091,CRS-02,C3,Dropped,Employment,N/A
ENR-00183,STU-0252,CRS-02,C3,Completed,N/A,Unknown
ENR-00184,STU-0147,CRS-02,C3,Completed,N/A,Unknown
ENR-00185,STU-0107,CRS-02,C3,Completed,N/A,Unknown
ENR-00186,STU-0048,CRS-02,C3,Completed,N/A,Unknown
ENR-00187,STU-0171,CRS-02,C3,Dropped,Employment,N/A
ENR-00188,STU-0172,CRS-02,C3,Completed,N/A,Unknown
ENR-00189,STU-0022,CRS-02,C3,Completed,N/A,Unknown
ENR-00190,STU-0135,CRS-02,C3,Completed,N/A,Unknown
ENR-00191,STU-0093,CRS-02,C3,Completed,N/A,Unknown
ENR-00192,STU-0018,CRS-02,C3,Completed,N/A,Unknown
ENR-00193,STU-0237,CRS-02,C3,Completed,N/A,Unknown
ENR-00194,STU-0140,CRS-02,C3,Unknown,N/A,N/A
ENR-00195,STU-0130,CRS-02,C3,Completed,N/A,Unknown
ENR-00196,STU-0202,CRS-02,C3,Unknown,N/A,N/A
ENR-00197,STU-0232,CRS-02,C3,Completed,N/A,Unknown
ENR-00198,STU-0019,CRS-04,C3,Completed,N/A,Unknown
ENR-00199,STU-0098,CRS-04,C3,Dropped,Disengaged,N/A
ENR-00200,STU-0147,CRS-04,C3,Completed,N/A,Unknown
ENR-00201,STU-0183,CRS-04,C3,Completed,N/A,Unknown
ENR-00202,STU-0025,CRS-04,C3,Dropped,Financial,N/A
ENR-00203,STU-0222,CRS-04,C3,Completed,N/A,Unknown
ENR-00204,STU-0168,CRS-04,C3,Completed,N/A,Unknown
ENR-00205,STU-0085,CRS-04,C3,Completed,N/A,Unknown
ENR-00206,STU-0070,CRS-04,C3,Completed,N/A,Unknown
ENR-00207,STU-0032,CRS-04,C3,Completed,N/A,Unknown
ENR-00208,STU-0205,CRS-04,C3,Completed,N/A,Unknown
ENR-00209,STU-0095,CRS-04,C3,Completed,N/A,Unknown
ENR-00210,STU-0112,CRS-04,C3,Completed,N/A,Unknown
ENR-00211,STU-0228,CRS-04,C3,Completed,N/A,Unknown
ENR-00212,STU-0103,CRS-04,C3,Unknown,N/A,N/A
ENR-00213,STU-0191,CRS-04,C3,Completed,N/A,Unknown
ENR-00214,STU-0113,CRS-04,C3,Unknown,N/A,N/A
ENR-00215,STU-0230,CRS-04,C3,Completed,N/A,Unknown
ENR-00216,STU-0099,CRS-04,C3,Unknown,N/A,N/A
ENR-00217,STU-0087,CRS-04,C3,Unknown,N/A,N/A
ENR-00218,STU-0048,CRS-04,C3,Completed,N/A,Unknown
ENR-00219,STU-0128,CRS-04,C3,Completed,N/A,Unknown
ENR-00220,STU-0178,CRS-04,C3,Completed,N/A,Unknown
ENR-00221,STU-0239,CRS-04,C3,Dropped,Family,N/A
ENR-00222,STU-0249,CRS-04,C3,Unknown,N/A,N/A
ENR-00223,STU-0250,CRS-04,C3,Completed,N/A,Unknown
ENR-00224,STU-0018,CRS-05,C3,Completed,N/A,Unknown
ENR-00225,STU-0065,CRS-05,C3,Completed,N/A,Unknown
ENR-00226,STU-0035,CRS-05,C3,Unknown,N/A,N/A
ENR-00227,STU-0121,CRS-05,C3,Completed,N/A,Unknown
ENR-00228,STU-0188,CRS-05,C3,Completed,N/A,Unknown
ENR-00229,STU-0093,CRS-05,C3,Completed,N/A,Unknown
ENR-00230,STU-0099,CRS-05,C3,Completed,N/A,Unknown
ENR-00231,STU-0244,CRS-05,C3,Completed,N/A,Unknown
ENR-00232,STU-0146,CRS-05,C3,Completed,N/A,Unknown
ENR-00233,STU-0009,CRS-05,C3,Unknown,N/A,N/A
ENR-00234,STU-0155,CRS-05,C3,Completed,N/A,Unknown
ENR-00235,STU-0040,CRS-05,C3,Completed,N/A,Unknown
ENR-00236,STU-0174,CRS-05,C3,Completed,N/A,Unknown
ENR-00237,STU-0116,CRS-05,C3,Completed,N/A,Unknown
ENR-00238,STU-0243,CRS-05,C3,Completed,N/A,Unknown
ENR-00239,STU-0095,CRS-05,C3,Unknown,N/A,N/A
ENR-00240,STU-0096,CRS-05,C3,Dropped,Unknown,N/A
ENR-00241,STU-0114,CRS-05,C3,Unknown,N/A,N/A
ENR-00242,STU-0196,CRS-05,C3,Completed,N/A,Unknown
ENR-00243,STU-0020,CRS-05,C3,Completed,N/A,Unknown
ENR-00244,STU-0147,CRS-05,C3,Completed,N/A,Unknown
ENR-00245,STU-0036,CRS-05,C3,Completed,N/A,Unknown
ENR-00246,STU-0136,CRS-05,C3,Completed,N/A,Unknown
ENR-00247,STU-0094,CRS-05,C3,Completed,N/A,Unknown
ENR-00248,STU-0102,CRS-05,C3,Completed,N/A,Unknown
ENR-00249,STU-0081,CRS-05,C3,Completed,N/A,Unknown
ENR-00250,STU-0167,CRS-05,C3,Completed,N/A,Unknown
ENR-00251,STU-0072,CRS-05,C3,Completed,N/A,Unknown
ENR-00252,STU-0064,CRS-05,C3,Completed,N/A,Unknown
ENR-00253,STU-0030,CRS-05,C3,Unknown,N/A,N/A
ENR-00254,STU-0007,CRS-05,C3,Dropped,Relocation,N/A
ENR-00255,STU-0189,CRS-05,C3,Completed,N/A,Unknown
ENR-00256,STU-0189,CRS-01,C4,Active,N/A,N/A
ENR-00257,STU-0240,CRS-01,C4,Completed,N/A,Unknown
ENR-00258,STU-0067,CRS-01,C4,Unknown,N/A,N/A
ENR-00259,STU-0045,CRS-01,C4,Active,N/A,N/A
ENR-00260,STU-0034,CRS-01,C4,Unknown,N/A,N/A
ENR-00261,STU-0080,CRS-01,C4,Active,N/A,N/A
ENR-00262,STU-0102,CRS-01,C4,Unknown,N/A,N/A
ENR-00263,STU-0184,CRS-01,C4,Unknown,N/A,N/A
ENR-00264,STU-0185,CRS-01,C4,Unknown,N/A,N/A
ENR-00265,STU-0123,CRS-01,C4,Unknown,N/A,N/A
ENR-00266,STU-0135,CRS-01,C4,Unknown,N/A,N/A
ENR-00267,STU-0106,CRS-01,C4,Completed,N/A,Unknown
ENR-00268,STU-0197,CRS-01,C4,Unknown,N/A,N/A
ENR-00269,STU-0105,CRS-01,C4,Active,N/A,N/A
ENR-00270,STU-0211,CRS-01,C4,Active,N/A,N/A
ENR-00271,STU-0148,CRS-01,C4,Active,N/A,N/A
ENR-00272,STU-0019,CRS-01,C4,Unknown,N/A,N/A
ENR-00273,STU-0033,CRS-01,C4,Completed,N/A,Unknown
ENR-00274,STU-0082,CRS-01,C4,Unknown,N/A,N/A
ENR-00275,STU-0165,CRS-01,C4,Unknown,N/A,N/A
ENR-00276,STU-0244,CRS-01,C4,Unknown,N/A,N/A
ENR-00277,STU-0116,CRS-01,C4,Unknown,N/A,N/A
ENR-00278,STU-0120,CRS-01,C4,Unknown,N/A,N/A
ENR-00279,STU-0175,CRS-01,C4,Unknown,N/A,N/A
ENR-00280,STU-0133,CRS-01,C4,Active,N/A,N/A
ENR-00281,STU-0089,CRS-01,C4,Unknown,N/A,N/A
ENR-00282,STU-0243,CRS-01,C4,Completed,N/A,Unknown
ENR-00283,STU-0225,CRS-01,C4,Dropped,Family,N/A
ENR-00284,STU-0213,CRS-01,C4,Active,N/A,N/A
ENR-00285,STU-0015,CRS-02,C4,Unknown,N/A,N/A
ENR-00286,STU-0042,CRS-02,C4,Unknown,N/A,N/A
ENR-00287,STU-0024,CRS-02,C4,Unknown,N/A,N/A
ENR-00288,STU-0136,CRS-02,C4,Unknown,N/A,N/A
ENR-00289,STU-0108,CRS-02,C4,Active,N/A,N/A
ENR-00290,STU-0214,CRS-02,C4,Unknown,N/A,N/A
ENR-00291,STU-0016,CRS-02,C4,Active,N/A,N/A
ENR-00292,STU-0255,CRS-02,C4,Unknown,N/A,N/A
ENR-00293,STU-0149,CRS-02,C4,Unknown,N/A,N/A
ENR-00294,STU-0155,CRS-02,C4,Dropped,Financial,N/A
ENR-00295,STU-0248,CRS-02,C4,Unknown,N/A,N/A
ENR-00296,STU-0126,CRS-02,C4,Unknown,N/A,N/A
ENR-00297,STU-0208,CRS-02,C4,Unknown,N/A,N/A
ENR-00298,STU-0153,CRS-02,C4,Unknown,N/A,N/A
ENR-00299,STU-0233,CRS-02,C4,Unknown,N/A,N/A
ENR-00300,STU-0038,CRS-02,C4,Unknown,N/A,N/A
ENR-00301,STU-0031,CRS-02,C4,Active,N/A,N/A
ENR-00302,STU-0081,CRS-02,C4,Active,N/A,N/A
ENR-00303,STU-0226,CRS-02,C4,Unknown,N/A,N/A
ENR-00304,STU-0168,CRS-04,C4,Unknown,N/A,N/A
ENR-00305,STU-0161,CRS-04,C4,Unknown,N/A,N/A
ENR-00306,STU-0098,CRS-04,C4,Active,N/A,N/A
ENR-00307,STU-0082,CRS-04,C4,Completed,N/A,Unknown
ENR-00308,STU-0256,CRS-04,C4,Unknown,N/A,N/A
ENR-00309,STU-0255,CRS-04,C4,Unknown,N/A,N/A
ENR-00310,STU-0132,CRS-04,C4,Active,N/A,N/A
ENR-00311,STU-0120,CRS-04,C4,Unknown,N/A,N/A
ENR-00312,STU-0128,CRS-04,C4,Active,N/A,N/A
ENR-00313,STU-0226,CRS-04,C4,Dropped,Disengaged,N/A
ENR-00314,STU-0079,CRS-04,C4,Unknown,N/A,N/A
ENR-00315,STU-0252,CRS-04,C4,Unknown,N/A,N/A
ENR-00316,STU-0006,CRS-04,C4,Unknown,N/A,N/A
ENR-00317,STU-0024,CRS-04,C4,Unknown,N/A,N/A
ENR-00318,STU-0242,CRS-04,C4,Unknown,N/A,N/A
ENR-00319,STU-0101,CRS-04,C4,Unknown,N/A,N/A
ENR-00320,STU-0130,CRS-04,C4,Unknown,N/A,N/A
ENR-00321,STU-0118,CRS-04,C4,Dropped,Relocation,N/A
ENR-00322,STU-0062,CRS-04,C4,Active,N/A,N/A
ENR-00323,STU-0056,CRS-04,C4,Completed,N/A,Unknown
ENR-00324,STU-0150,CRS-04,C4,Unknown,N/A,N/A
ENR-00325,STU-0091,CRS-04,C4,Active,N/A,N/A
ENR-00326,STU-0013,CRS-04,C4,Unknown,N/A,N/A
ENR-00327,STU-0188,CRS-06,C4,Unknown,N/A,N/A
ENR-00328,STU-0074,CRS-06,C4,Unknown,N/A,N/A
ENR-00329,STU-0102,CRS-06,C4,Active,N/A,N/A
ENR-00330,STU-0206,CRS-06,C4,Unknown,N/A,N/A
ENR-00331,STU-0021,CRS-06,C4,Completed,N/A,Unknown
ENR-00332,STU-0012,CRS-06,C4,Unknown,N/A,N/A
ENR-00333,STU-0010,CRS-06,C4,Active,N/A,N/A
ENR-00334,STU-0036,CRS-06,C4,Unknown,N/A,N/A
ENR-00335,STU-0183,CRS-06,C4,Completed,N/A,Unknown
ENR-00336,STU-0086,CRS-06,C4,Active,N/A,N/A
ENR-00337,STU-0257,CRS-06,C4,Unknown,N/A,N/A
ENR-00338,STU-0122,CRS-06,C4,Active,N/A,N/A
ENR-00339,STU-0133,CRS-06,C4,Dropped,Family,N/A
ENR-00340,STU-0117,CRS-06,C4,Unknown,N/A,N/A
ENR-00341,STU-0039,CRS-06,C4,Unknown,N/A,N/A
ENR-00342,STU-0156,CRS-06,C4,Active,N/A,N/A
ENR-00343,STU-0229,CRS-06,C4,Active,N/A,N/A
ENR-00344,STU-0132,CRS-06,C4,Dropped,Family,N/A
ENR-00345,STU-0253,CRS-06,C4,Dropped,Family,N/A
ENR-00346,STU-0084,CRS-06,C4,Unknown,N/A,N/A
ENR-00347,STU-0239,CRS-06,C4,Completed,N/A,Unknown
ENR-00348,STU-0157,CRS-06,C4,Unknown,N/A,N/A
ENR-00349,STU-0082,CRS-06,C4,Active,N/A,N/A
ENR-00350,STU-0042,CRS-06,C4,Unknown,N/A,N/A
ENR-00351,STU-0101,CRS-06,C4,Completed,N/A,Unknown
ENR-00352,STU-0158,CRS-06,C4,Unknown,N/A,N/A
ENR-00353,STU-0190,CRS-06,C4,Active,N/A,N/A
ENR-00354,STU-0216,CRS-06,C4,Unknown,N/A,N/A
ENR-00355,STU-0226,CRS-01,C5,Unknown,N/A,N/A
ENR-00356,STU-0161,CRS-01,C5,Completed,N/A,Unknown
ENR-00357,STU-0215,CRS-01,C5,Active,N/A,N/A
ENR-00358,STU-0078,CRS-01,C5,Completed,N/A,Unknown
ENR-00359,STU-0212,CRS-01,C5,Active,N/A,N/A
ENR-00360,STU-0105,CRS-01,C5,Unknown,N/A,N/A
ENR-00361,STU-0211,CRS-01,C5,Unknown,N/A,N/A
ENR-00362,STU-0257,CRS-01,C5,Active,N/A,N/A
ENR-00363,STU-0242,CRS-01,C5,Unknown,N/A,N/A
ENR-00364,STU-0032,CRS-01,C5,Unknown,N/A,N/A
ENR-00365,STU-0071,CRS-01,C5,Active,N/A,N/A
ENR-00366,STU-0107,CRS-01,C5,Active,N/A,N/A
ENR-00367,STU-0167,CRS-01,C5,Dropped,Disengaged,N/A
ENR-00368,STU-0245,CRS-01,C5,Completed,N/A,Unknown
ENR-00369,STU-0193,CRS-01,C5,Unknown,N/A,N/A
ENR-00370,STU-0089,CRS-01,C5,Unknown,N/A,N/A
ENR-00371,STU-0236,CRS-01,C5,Unknown,N/A,N/A
ENR-00372,STU-0176,CRS-01,C5,Active,N/A,N/A
ENR-00373,STU-0148,CRS-02,C5,Unknown,N/A,N/A
ENR-00374,STU-0063,CRS-02,C5,Unknown,N/A,N/A
ENR-00375,STU-0195,CRS-02,C5,Unknown,N/A,N/A
ENR-00376,STU-0203,CRS-02,C5,Unknown,N/A,N/A
ENR-00377,STU-0177,CRS-02,C5,Dropped,Relocation,N/A
ENR-00378,STU-0245,CRS-02,C5,Unknown,N/A,N/A
ENR-00379,STU-0198,CRS-02,C5,Active,N/A,N/A
ENR-00380,STU-0206,CRS-02,C5,Unknown,N/A,N/A
ENR-00381,STU-0038,CRS-02,C5,Unknown,N/A,N/A
ENR-00382,STU-0075,CRS-02,C5,Unknown,N/A,N/A
ENR-00383,STU-0011,CRS-02,C5,Unknown,N/A,N/A
ENR-00384,STU-0074,CRS-02,C5,Unknown,N/A,N/A
ENR-00385,STU-0255,CRS-02,C5,Completed,N/A,Unknown
ENR-00386,STU-0183,CRS-02,C5,Unknown,N/A,N/A
ENR-00387,STU-0021,CRS-02,C5,Active,N/A,N/A
ENR-00388,STU-0089,CRS-02,C5,Active,N/A,N/A
ENR-00389,STU-0237,CRS-02,C5,Unknown,N/A,N/A
ENR-00390,STU-0114,CRS-02,C5,Completed,N/A,Unknown
ENR-00391,STU-0168,CRS-02,C5,Active,N/A,N/A
ENR-00392,STU-0066,CRS-02,C5,Unknown,N/A,N/A
ENR-00393,STU-0192,CRS-02,C5,Completed,N/A,Unknown
ENR-00394,STU-0123,CRS-02,C5,Dropped,Relocation,N/A
ENR-00395,STU-0055,CRS-02,C5,Unknown,N/A,N/A
ENR-00396,STU-0052,CRS-02,C5,Unknown,N/A,N/A
ENR-00397,STU-0212,CRS-02,C5,Dropped,Family,N/A
ENR-00398,STU-0138,CRS-02,C5,Unknown,N/A,N/A
ENR-00399,STU-0090,CRS-04,C5,Unknown,N/A,N/A
ENR-00400,STU-0214,CRS-04,C5,Active,N/A,N/A
ENR-00401,STU-0091,CRS-04,C5,Unknown,N/A,N/A
ENR-00402,STU-0019,CRS-04,C5,Dropped,Family,N/A
ENR-00403,STU-0204,CRS-04,C5,Completed,N/A,Unknown
ENR-00404,STU-0254,CRS-04,C5,Unknown,N/A,N/A
ENR-00405,STU-0096,CRS-04,C5,Unknown,N/A,N/A
ENR-00406,STU-0149,CRS-04,C5,Unknown,N/A,N/A
ENR-00407,STU-0020,CRS-04,C5,Completed,N/A,Unknown
ENR-00408,STU-0005,CRS-04,C5,Unknown,N/A,N/A
ENR-00409,STU-0153,CRS-04,C5,Unknown,N/A,N/A
ENR-00410,STU-0055,CRS-04,C5,Completed,N/A,Unknown
ENR-00411,STU-0172,CRS-04,C5,Unknown,N/A,N/A
ENR-00412,STU-0146,CRS-04,C5,Unknown,N/A,N/A
ENR-00413,STU-0233,CRS-04,C5,Unknown,N/A,N/A
ENR-00414,STU-0253,CRS-04,C5,Unknown,N/A,N/A
ENR-00415,STU-0069,CRS-04,C5,Unknown,N/A,N/A
ENR-00416,STU-0259,CRS-04,C5,Active,N/A,N/A
ENR-00417,STU-0240,CRS-04,C5,Unknown,N/A,N/A
ENR-00418,STU-0004,CRS-06,C5,Unknown,N/A,N/A
ENR-00419,STU-0134,CRS-06,C5,Unknown,N/A,N/A
ENR-00420,STU-0197,CRS-06,C5,Active,N/A,N/A
ENR-00421,STU-0121,CRS-06,C5,Completed,N/A,Unknown
ENR-00422,STU-0229,CRS-06,C5,Unknown,N/A,N/A
ENR-00423,STU-0193,CRS-06,C5,Unknown,N/A,N/A
ENR-00424,STU-0069,CRS-06,C5,Active,N/A,N/A
ENR-00425,STU-0245,CRS-06,C5,Unknown,N/A,N/A
ENR-00426,STU-0085,CRS-06,C5,Unknown,N/A,N/A
ENR-00427,STU-0078,CRS-06,C5,Unknown,N/A,N/A
ENR-00428,STU-0150,CRS-06,C5,Unknown,N/A,N/A
ENR-00429,STU-0186,CRS-06,C5,Unknown,N/A,N/A
ENR-00430,STU-0147,CRS-06,C5,Dropped,Family,N/A
ENR-00431,STU-0003,CRS-06,C5,Unknown,N/A,N/A
ENR-00432,STU-0067,CRS-06,C5,Unknown,N/A,N/A
ENR-00433,STU-0168,CRS-06,C5,Unknown,N/A,N/A
ENR-00434,STU-0093,CRS-06,C5,Unknown,N/A,N/A
ENR-00435,STU-0178,CRS-06,C5,Completed,N/A,Unknown
ENR-00436,STU-0061,CRS-06,C5,Unknown,N/A,N/A
ENR-00437,STU-0016,CRS-06,C5,Unknown,N/A,N/A
ENR-00438,STU-0171,CRS-06,C5,Dropped,Disengaged,N/A
ENR-00439,STU-0031,CRS-06,C5,Unknown,N/A,N/A
ENR-00440,STU-0120,CRS-06,C5,Unknown,N/A,N/A
ENR-00441,STU-0079,CRS-06,C5,Completed,N/A,Unknown
ENR-00442,STU-0041,CRS-06,C5,Unknown,N/A,N/A
ENR-00443,STU-0032,CRS-01,C6,Active,N/A,N/A
ENR-00444,STU-0259,CRS-01,C6,Unknown,N/A,N/A
ENR-00445,STU-0104,CRS-01,C6,Unknown,N/A,N/A
ENR-00446,STU-0077,CRS-01,C6,Active,N/A,N/A
ENR-00447,STU-0085,CRS-01,C6,Active,N/A,N/A
ENR-00448,STU-0168,CRS-01,C6,Active,N/A,N/A
ENR-00449,STU-0227,CRS-01,C6,Active,N/A,N/A
ENR-00450,STU-0060,CRS-01,C6,Dropped,Unknown,N/A
ENR-00451,STU-0106,CRS-01,C6,Active,N/A,N/A
ENR-00452,STU-0251,CRS-01,C6,Dropped,Employment,N/A
ENR-00453,STU-0047,CRS-01,C6,Active,N/A,N/A
ENR-00454,STU-0229,CRS-01,C6,Unknown,N/A,N/A
ENR-00455,STU-0029,CRS-01,C6,Unknown,N/A,N/A
ENR-00456,STU-0233,CRS-01,C6,Dropped,Family,N/A
ENR-00457,STU-0068,CRS-01,C6,Active,N/A,N/A
ENR-00458,STU-0213,CRS-01,C6,Dropped,Financial,N/A
ENR-00459,STU-0234,CRS-01,C6,Unknown,N/A,N/A
ENR-00460,STU-0030,CRS-01,C6,Dropped,Financial,N/A
ENR-00461,STU-0237,CRS-01,C6,Unknown,N/A,N/A
ENR-00462,STU-0158,CRS-01,C6,Unknown,N/A,N/A
ENR-00463,STU-0012,CRS-01,C6,Active,N/A,N/A
ENR-00464,STU-0061,CRS-03,C6,Active,N/A,N/A
ENR-00465,STU-0092,CRS-03,C6,Unknown,N/A,N/A
ENR-00466,STU-0202,CRS-03,C6,Active,N/A,N/A
ENR-00467,STU-0066,CRS-03,C6,Unknown,N/A,N/A
ENR-00468,STU-0115,CRS-03,C6,Dropped,Employment,N/A
ENR-00469,STU-0214,CRS-03,C6,Active,N/A,N/A
ENR-00470,STU-0001,CRS-03,C6,Active,N/A,N/A
ENR-00471,STU-0194,CRS-03,C6,Active,N/A,N/A
ENR-00472,STU-0006,CRS-03,C6,Unknown,N/A,N/A
ENR-00473,STU-0251,CRS-03,C6,Unknown,N/A,N/A
ENR-00474,STU-0077,CRS-03,C6,Active,N/A,N/A
ENR-00475,STU-0119,CRS-03,C6,Unknown,N/A,N/A
ENR-00476,STU-0173,CRS-03,C6,Active,N/A,N/A
ENR-00477,STU-0185,CRS-03,C6,Active,N/A,N/A
ENR-00478,STU-0140,CRS-03,C6,Active,N/A,N/A
ENR-00479,STU-0109,CRS-03,C6,Unknown,N/A,N/A
ENR-00480,STU-0137,CRS-03,C6,Active,N/A,N/A
ENR-00481,STU-0098,CRS-03,C6,Active,N/A,N/A
ENR-00482,STU-0211,CRS-03,C6,Active,N/A,N/A
ENR-00483,STU-0059,CRS-03,C6,Unknown,N/A,N/A
ENR-00484,STU-0064,CRS-03,C6,Unknown,N/A,N/A
ENR-00485,STU-0118,CRS-03,C6,Active,N/A,N/A
ENR-00486,STU-0089,CRS-03,C6,Unknown,N/A,N/A
ENR-00487,STU-0040,CRS-03,C6,Unknown,N/A,N/A
ENR-00488,STU-0071,CRS-03,C6,Active,N/A,N/A
ENR-00489,STU-0049,CRS-03,C6,Active,N/A,N/A
ENR-00490,STU-0225,CRS-03,C6,Active,N/A,N/A
ENR-00491,STU-0186,CRS-03,C6,Unknown,N/A,N/A
ENR-00492,STU-0196,CRS-03,C6,Active,N/A,N/A
ENR-00493,STU-0141,CRS-07,C6,Active,N/A,N/A
ENR-00494,STU-0032,CRS-07,C6,Unknown,N/A,N/A
ENR-00495,STU-0090,CRS-07,C6,Active,N/A,N/A
ENR-00496,STU-0219,CRS-07,C6,Active,N/A,N/A
ENR-00497,STU-0254,CRS-07,C6,Active,N/A,N/A
ENR-00498,STU-0013,CRS-07,C6,Active,N/A,N/A
ENR-00499,STU-0249,CRS-07,C6,Active,N/A,N/A
ENR-00500,STU-0089,CRS-07,C6,Active,N/A,N/A
ENR-00501,STU-0242,CRS-07,C6,Active,N/A,N/A
ENR-00502,STU-0165,CRS-07,C6,Active,N/A,N/A
ENR-00503,STU-0172,CRS-07,C6,Active,N/A,N/A
ENR-00504,STU-0098,CRS-07,C6,Active,N/A,N/A
ENR-00505,STU-0202,CRS-07,C6,Active,N/A,N/A
ENR-00506,STU-0135,CRS-07,C6,Active,N/A,N/A
ENR-00507,STU-0082,CRS-07,C6,Active,N/A,N/A
ENR-00508,STU-0179,CRS-07,C6,Unknown,N/A,N/A
ENR-00509,STU-0107,CRS-07,C6,Active,N/A,N/A
ENR-00510,STU-0105,CRS-07,C6,Active,N/A,N/A
ENR-00511,STU-0039,CRS-07,C6,Unknown,N/A,N/A
ENR-00512,STU-0077,CRS-07,C6,Active,N/A,N/A
ENR-00513,STU-0097,CRS-07,C6,Active,N/A,N/A
ENR-00514,STU-0048,CRS-07,C6,Unknown,N/A,N/A
ENR-00515,STU-0194,CRS-07,C6,Unknown,N/A,N/A
ENR-00516,STU-0138,CRS-07,C6,Unknown,N/A,N/A
ENR-00517,STU-0122,CRS-07,C6,Active,N/A,N/A
ENR-00518,STU-0062,CRS-07,C6,Active,N/A,N/A
ENR-00519,STU-0218,CRS-07,C6,Dropped,Relocation,N/A
ENR-00520,STU-0109,CRS-08,C6,Unknown,N/A,N/A
ENR-00521,STU-0098,CRS-08,C6,Unknown,N/A,N/A
ENR-00522,STU-0061,CRS-08,C6,Unknown,N/A,N/A
ENR-00523,STU-0246,CRS-08,C6,Active,N/A,N/A
ENR-00524,STU-0125,CRS-08,C6,Active,N/A,N/A
ENR-00525,STU-0105,CRS-08,C6,Active,N/A,N/A
ENR-00526,STU-0204,CRS-08,C6,Active,N/A,N/A
ENR-00527,STU-0123,CRS-08,C6,Unknown,N/A,N/A
ENR-00528,STU-0165,CRS-08,C6,Unknown,N/A,N/A
ENR-00529,STU-0145,CRS-08,C6,Active,N/A,N/A
ENR-00530,STU-0195,CRS-08,C6,Active,N/A,N/A
ENR-00531,STU-0239,CRS-08,C6,Unknown,N/A,N/A
ENR-00532,STU-0184,CRS-08,C6,Unknown,N/A,N/A
ENR-00533,STU-0158,CRS-08,C6,Active,N/A,N/A
ENR-00534,STU-0134,CRS-08,C6,Active,N/A,N/A
ENR-00535,STU-0185,CRS-08,C6,Active,N/A,N/A
ENR-00536,STU-0255,CRS-08,C6,Active,N/A,N/A
ENR-00537,STU-0051,CRS-08,C6,Active,N/A,N/A
ENR-00538,STU-0132,CRS-09,C6,Active,N/A,N/A
ENR-00539,STU-0251,CRS-09,C6,Active,N/A,N/A
ENR-00540,STU-0252,CRS-09,C6,Unknown,N/A,N/A
ENR-00541,STU-0236,CRS-09,C6,Active,N/A,N/A
ENR-00542,STU-0087,CRS-09,C6,Active,N/A,N/A
ENR-00543,STU-0188,CRS-09,C6,Active,N/A,N/A
ENR-00544,STU-0204,CRS-09,C6,Active,N/A,N/A
ENR-00545,STU-0091,CRS-09,C6,Active,N/A,N/A
ENR-00546,STU-0044,CRS-09,C6,Unknown,N/A,N/A
ENR-00547,STU-0036,CRS-09,C6,Dropped,Unknown,N/A
ENR-00548,STU-0185,CRS-09,C6,Unknown,N/A,N/A
ENR-00549,STU-0140,CRS-09,C6,Active,N/A,N/A
ENR-00550,STU-0126,CRS-09,C6,Active,N/A,N/A
ENR-00551,STU-0048,CRS-09,C6,Active,N/A,N/A
ENR-00552,STU-0235,CRS-09,C6,Active,N/A,N/A
ENR-00553,STU-0228,CRS-09,C6,Unknown,N/A,N/A
ENR-00554,STU-0139,CRS-09,C6,Active,N/A,N/A
ENR-00555,STU-0165,CRS-09,C6,Active,N/A,N/A
ENR-00556,STU-0016,CRS-09,C6,Active,N/A,N/A
ENR-00557,STU-0135,CRS-09,C6,Unknown,N/A,N/A
ENR-00558,STU-0009,CRS-09,C6,Active,N/A,N/A
ENR-00559,STU-0215,CRS-09,C6,Dropped,Employment,N/A
ENR-00560,STU-0217,CRS-09,C6,Dropped,Financial,N/A
ENR-00561,STU-0020,CRS-09,C6,Active,N/A,N/A
ENR-00562,STU-0210,CRS-09,C6,Unknown,N/A,N/A
ENR-00563,STU-0172,CRS-09,C6,Active,N/A,N/A
ENR-00564,STU-0013,CRS-09,C6,Active,N/A,N/A
ENR-00565,STU-0196,CRS-09,C6,Unknown,N/A,N/A