assignment_id,course_id,cohort_id,instructor_id,start_date,end_date
ASG-0001,CRS-01,C1,INS-08,2023-01-02,2023-06-30
ASG-0002,CRS-01,C2,INS-04,2024-01-08,2024-07-26
ASG-0003,CRS-02,C2,INS-03,2024-01-08,2024-07-26
ASG-0004,CRS-04,C2,INS-09,2024-01-08,2024-07-26
ASG-0005,CRS-05,C2,INS-06,2024-01-08,2024-07-26
ASG-0006,CRS-01,C3,INS-07,2024-07-08,2024-12-20
ASG-0007,CRS-02,C3,INS-10,2024-07-08,2024-12-20
ASG-0008,CRS-04,C3,INS-05,2024-07-08,2024-09-28
ASG-0009,CRS-04,C3,INS-01,2024-09-29,2024-12-20
ASG-0010,CRS-05,C3,INS-02,2024-07-08,2024-12-20
ASG-0011,CRS-01,C4,INS-08,2025-01-06,2025-08-22
ASG-0012,CRS-02,C4,INS-04,2025-01-06,2025-04-30
ASG-0013,CRS-02,C4,INS-03,2025-05-01,2025-08-22
ASG-0014,CRS-04,C4,INS-09,2025-01-06,2025-08-22
ASG-0015,CRS-06,C4,INS-06,2025-01-06,2025-08-22
ASG-0016,CRS-01,C5,INS-07,2025-09-08,2026-03-06
ASG-0017,CRS-02,C5,INS-10,2025-09-08,2026-03-06
ASG-0018,CRS-04,C5,INS-05,2025-09-08,2026-03-06
ASG-0019,CRS-06,C5,INS-01,2025-09-08,2026-03-06
ASG-0020,CRS-01,C6,INS-02,2026-04-13,2026-12-18
ASG-0021,CRS-03,C6,INS-08,2026-04-13,2026-12-18
ASG-0022,CRS-07,C6,INS-04,2026-04-13,2026-08-15
ASG-0023,CRS-07,C6,INS-03,2026-08-16,2026-12-18
ASG-0024,CRS-08,C6,INS-09,2026-04-13,2026-12-18
ASG-0025,CRS-09,C6,INS-06,2026-04-13,2026-12-18