student_id,full_name,gender,email,phone
STU-0001,Loise Muthoni,Male,loise.muthoni39@gmail.com,+254777827638
STU-0002,Martin Otieno,Female,,
STU-0003,Isaac Muthoni,Male,,
STU-0004,Amina Mutua,Female,,
STU-0005,James Kiptoo,Unknown,,
STU-0006,Felix Kariuki,Male,,
STU-0007,Martin Nyambura,Unknown,,
STU-0008,Isaac Achieng,Unknown,,
STU-0009,Joy Mwangi,Unknown,,
STU-0010,Xavier Kimani,Male,xavier.kimani94@gmail.com,+254740587988
STU-0011,Simon Kamau,Unknown,,
STU-0012,Yusuf Nyambura,Male,,
STU-0013,Kevin Odhiambo,Male,,
STU-0014,Esther Nekesa,Female,,
STU-0015,Patricia Mutua,Male,patricia.mutua91@gmail.com,+254784752529
STU-0016,Omar Chebet,Unknown,,
STU-0017,Omar Wanjiru,Unknown,,
STU-0018,Esther Kiptoo,Unknown,,
STU-0019,Umar Kiptoo,Female,,
STU-0020,Diana Njoroge,Male,diana.njoroge81@gmail.com,+254782340307
STU-0021,Quinto Kimani,Male,,
STU-0022,Xavier Wafula,Unknown,xavier.wafula73@gmail.com,+254722201654
STU-0023,Daniel Achieng,Male,daniel.achieng97@gmail.com,+254766661351
STU-0024,Martin Kamau,Male,,
STU-0025,Diana Cheruiyot,Male,,
STU-0026,Amina Achieng,Female,,
STU-0027,Rehema Chebet,Male,,
STU-0028,Diana Otieno,Unknown,,
STU-0029,Quinto Cheruiyot,Unknown,,
STU-0030,Grace Mwangi,Unknown,,
STU-0031,Moses Njoroge,Male,moses.njoroge77@gmail.com,+254710076758
STU-0032,Martin Chebet,Male,martin.chebet56@gmail.com,+254751273847
STU-0033,Patricia Wanjiru,Male,,
STU-0034,Felix Kamau,Unknown,,
STU-0035,Isaac Njoroge,Male,,
STU-0036,Joy Mutua,Male,,
STU-0037,Betty Kiptoo,Unknown,,
STU-0038,Moses Mwangi,Male,,
STU-0039,Xavier Omondi,Unknown,,
STU-0040,Patricia Wafula,Male,patricia.wafula80@gmail.com,+254740885476
STU-0041,Loise Wafula,Male,,
STU-0042,Daniel Wafula,Male,daniel.wafula52@gmail.com,+254719510312
STU-0043,Gideon Wafula,Male,,
STU-0044,Khalid Kimani,Male,,
STU-0045,Abdi Kiptoo,Male,,
STU-0046,Winnie Muthoni,Male,,
STU-0047,Daniel Kariuki,Unknown,,
STU-0048,Grace Wafula,Male,,
STU-0049,Irene Muthoni,Male,,
STU-0050,Esther Omondi,Unknown,,
STU-0051,Grace Wanjiru,Female,,
STU-0052,Amina Kamau,Unknown,,
STU-0053,Kevin Muthoni,Male,kevin.muthoni61@gmail.com,+254717869910
STU-0054,Kevin Kariuki,Male,,
STU-0055,Diana Mwangi,Male,,
STU-0056,Joy Wekesa,Male,,
STU-0057,Daniel Kimani,Unknown,daniel.kimani50@gmail.com,+254717672593
STU-0058,Erick Cheruiyot,Unknown,,
STU-0059,Daniel Cheruiyot,Male,daniel.cheruiyot86@gmail.com,+254719121552
STU-0060,Patricia Kariuki,Male,,
STU-0061,Patricia Kimani,Female,,
STU-0062,Abdi Kimani,Female,,
STU-0063,Quinto Kiptoo,Female,,
STU-0064,Quinto Kariuki,Male,,
STU-0065,Diana Chebet,Unknown,,
STU-0066,Amina Omondi,Female,,
STU-0067,Grace Kamau,Female,,
STU-0068,Irene Odhiambo,Unknown,,
STU-0069,Xavier Mwangi,Male,,
STU-0070,Teresa Nekesa,Unknown,,
STU-0071,Halima Otieno,Female,,
STU-0072,Grace Njoroge,Male,,
STU-0073,Joy Njoroge,Male,,
STU-0074,Vivian Kiptoo,Female,,
STU-0075,Gideon Wekesa,Male,,
STU-0076,Daniel Kamau,Female,,
STU-0077,Cynthia Otieno,Male,cynthia.otieno43@gmail.com,+254731687165
STU-0078,Collins Auma,Female,,
STU-0079,Hassan Kamau,Unknown,,
STU-0080,James Auma,Male,,
STU-0081,Betty Njoroge,Male,,
STU-0082,Cynthia Odhiambo,Male,cynthia.odhiambo23@gmail.com,+254757469942
STU-0083,Joy Muthoni,Unknown,,
STU-0084,Linda Muthoni,Male,,
STU-0085,Vivian Muthoni,Unknown,,
STU-0086,Patricia Nyambura,Male,,
STU-0087,Yusuf Wanjiru,Unknown,yusuf.wanjiru68@gmail.com,+254756930359
STU-0088,Teresa Wafula,Male,,
STU-0089,Zainab Chebet,Male,zainab.chebet45@gmail.com,+254757130035
STU-0090,Gideon Kariuki,Female,,
STU-0091,Vivian Otieno,Male,,
STU-0092,Linda Kimani,Unknown,linda.kimani23@gmail.com,+254790070438
STU-0093,Betty Odhiambo,Unknown,,
STU-0094,Martin Cheruiyot,Male,,
STU-0095,Moses Nyambura,Male,,
STU-0096,Halima Auma,Female,,
STU-0097,Moses Odhiambo,Male,,
STU-0098,Vivian Nekesa,Male,,
STU-0099,Teresa Cheruiyot,Male,,
STU-0100,Zainab Mwangi,Female,zainab.mwangi95@gmail.com,+254760888017
STU-0101,Linda Nekesa,Female,,
STU-0102,Amina Mwangi,Male,,
STU-0103,Loise Nekesa,Female,,
STU-0104,Collins Kiptoo,Male,,
STU-0105,Kevin Kamau,Male,,
STU-0106,Naomi Chebet,Male,,
STU-0107,Patricia Mwangi,Male,patricia.mwangi13@gmail.com,+254716202700
STU-0108,Patricia Wekesa,Female,,
STU-0109,Diana Muthoni,Unknown,,
STU-0110,Yusuf Wekesa,Male,yusuf.wekesa98@gmail.com,+254710744212
STU-0111,Grace Muthoni,Male,,
STU-0112,Halima Omondi,Male,halima.omondi25@gmail.com,+254771265269
STU-0113,Irene Omondi,Female,,
STU-0114,Collins Nekesa,Unknown,,
STU-0115,Betty Auma,Male,betty.auma70@gmail.com,+254770407340
STU-0116,Quinto Wafula,Unknown,quinto.wafula76@gmail.com,+254775041510
STU-0117,Collins Kamau,Female,collins.kamau52@gmail.com,+254752910691
STU-0118,Isaac Kamau,Male,isaac.kamau98@gmail.com,+254730509175
STU-0119,Nancy Kamau,Male,,
STU-0120,Daniel Kiptoo,Unknown,,
STU-0121,Loise Otieno,Unknown,,
STU-0122,Amina Odhiambo,Male,,
STU-0123,Abdi Auma,Unknown,,
STU-0124,Martin Wafula,Male,martin.wafula72@gmail.com,+254713895645
STU-0125,Yusuf Chebet,Female,,
STU-0126,Kevin Omondi,Unknown,,
STU-0127,Isaac Otieno,Unknown,,
STU-0128,Brian Kamau,Female,brian.kamau69@gmail.com,+254734391257
STU-0129,Daniel Nyambura,Male,daniel.nyambura51@gmail.com,+254755298556
STU-0130,Abdi Nyambura,Unknown,,
STU-0131,Isaac Wanjiru,Unknown,,
STU-0132,Esther Wanjiru,Unknown,,
STU-0133,Moses Otieno,Female,moses.otieno70@gmail.com,+254799853245
STU-0134,Hassan Kimani,Unknown,,
STU-0135,Quinto Odhiambo,Male,,
STU-0136,Hassan Mutua,Unknown,hassan.mutua13@gmail.com,+254751870192
STU-0137,Khalid Kariuki,Male,,
STU-0138,Esther Kimani,Female,,
STU-0139,Martin Achieng,Unknown,,
STU-0140,Xavier Kamau,Male,,
STU-0141,Abdi Wekesa,Male,,
STU-0142,Betty Mutua,Unknown,,
STU-0143,Rehema Nekesa,Unknown,,
STU-0144,Erick Omondi,Male,,
STU-0145,Patricia Kamau,Male,,
STU-0146,Diana Kimani,Female,,
STU-0147,Brian Wekesa,Unknown,brian.wekesa37@gmail.com,+254757623800
STU-0148,Quinto Chebet,Male,,
STU-0149,Rehema Auma,Male,,
STU-0150,Felix Wafula,Unknown,,
STU-0151,Faith Omondi,Unknown,faith.omondi38@gmail.com,+254764277800
STU-0152,Loise Odhiambo,Male,,
STU-0153,Vivian Odhiambo,Female,vivian.odhiambo42@gmail.com,+254740942292
STU-0154,Hassan Kiptoo,Male,,
STU-0155,Linda Kiptoo,Male,,
STU-0156,Loise Cheruiyot,Female,,
STU-0157,Omar Odhiambo,Male,omar.odhiambo78@gmail.com,+254726989677
STU-0158,Rehema Wanjiru,Unknown,,
STU-0159,Irene Wekesa,Male,irene.wekesa46@gmail.com,+254773001391
STU-0160,Vivian Mutua,Unknown,vivian.mutua71@gmail.com,+254725312516
STU-0161,Esther Kariuki,Male,,
STU-0162,Daniel Njoroge,Male,,
STU-0163,Teresa Kamau,Unknown,teresa.kamau63@gmail.com,+254791378577
STU-0164,Martin Nekesa,Male,,
STU-0165,Collins Omondi,Male,,
STU-0166,Betty Mwangi,Female,betty.mwangi22@gmail.com,+254737888820
STU-0167,Nancy Nyambura,Female,nancy.nyambura32@gmail.com,+254784087145
STU-0168,Esther Mutua,Male,,
STU-0169,Martin Wekesa,Male,martin.wekesa46@gmail.com,+254770939053
STU-0170,Esther Wafula,Unknown,,
STU-0171,Loise Kiptoo,Male,,
STU-0172,James Nyambura,Unknown,james.nyambura31@gmail.com,+254751286958
STU-0173,Martin Kimani,Unknown,,
STU-0174,Zainab Nyambura,Male,,
STU-0175,Felix Nekesa,Male,,
STU-0176,Umar Nekesa,Male,umar.nekesa96@gmail.com,+254787201917
STU-0177,Rehema Kimani,Male,,
STU-0178,Collins Nyambura,Male,,
STU-0179,Faith Kamau,Male,,
STU-0180,Umar Achieng,Unknown,,
STU-0181,Faith Mwangi,Female,,
STU-0182,Joy Wanjiru,Male,,
STU-0183,Zainab Cheruiyot,Unknown,zainab.cheruiyot79@gmail.com,+254772005415
STU-0184,Abdi Wanjiru,Male,,
STU-0185,Irene Mwangi,Male,,
STU-0186,Hassan Otieno,Unknown,,
STU-0187,Teresa Auma,Male,,
STU-0188,Omar Achieng,Male,omar.achieng29@gmail.com,+254776890827
STU-0189,Simon Cheruiyot,Female,,
STU-0190,Erick Wekesa,Male,,
STU-0191,Yusuf Kiptoo,Unknown,,
STU-0192,Irene Kamau,Male,,
STU-0193,Abdi Chebet,Unknown,,
STU-0194,Teresa Kimani,Female,,
STU-0195,James Omondi,Female,,
STU-0196,Joy Auma,Male,,
STU-0197,Moses Wafula,Female,moses.wafula62@gmail.com,+254715858241
STU-0198,Umar Wekesa,Female,,
STU-0199,Yusuf Njoroge,Male,yusuf.njoroge74@gmail.com,+254789212676
STU-0200,Vivian Achieng,Unknown,,
STU-0201,Amina Njoroge,Male,,
STU-0202,James Kamau,Male,,
STU-0203,Zainab Kamau,Unknown,,
STU-0204,Isaac Kariuki,Unknown,,
STU-0205,Faith Auma,Male,faith.auma90@gmail.com,+254748571356
STU-0206,Omar Kamau,Male,omar.kamau91@gmail.com,+254723489853
STU-0207,Collins Mutua,Female,,
STU-0208,Cynthia Chebet,Unknown,,
STU-0209,Xavier Muthoni,Male,,
STU-0210,Khalid Mutua,Male,khalid.mutua58@gmail.com,+254793176117
STU-0211,Loise Njoroge,Male,,
STU-0212,Diana Nyambura,Female,,
STU-0213,Isaac Mutua,Male,,
STU-0214,Loise Mwangi,Female,,
STU-0215,Quinto Omondi,Unknown,quinto.omondi59@gmail.com,+254774855088
STU-0216,Yusuf Kimani,Male,,
STU-0217,Simon Otieno,Unknown,,
STU-0218,Rehema Otieno,Female,,
STU-0219,Daniel Nekesa,Unknown,,
STU-0220,Simon Wafula,Female,,
STU-0221,Moses Nekesa,Male,,
STU-0222,Irene Achieng,Unknown,,
STU-0223,Teresa Omondi,Male,,
STU-0224,Simon Chebet,Unknown,simon.chebet26@gmail.com,+254782398083
STU-0225,Xavier Cheruiyot,Male,xavier.cheruiyot31@gmail.com,+254744489940
STU-0226,Erick Mwangi,Unknown,,
STU-0227,Hassan Omondi,Unknown,hassan.omondi38@gmail.com,+254763339667
STU-0228,Joy Odhiambo,Male,,
STU-0229,Quinto Auma,Male,,
STU-0230,Yusuf Odhiambo,Male,yusuf.odhiambo13@gmail.com,+254793154172
STU-0231,Joy Chebet,Unknown,joy.chebet18@gmail.com,+254795282470
STU-0232,Abdi Achieng,Male,,
STU-0233,Teresa Wekesa,Male,teresa.wekesa78@gmail.com,+254728208520
STU-0234,Yusuf Omondi,Male,,
STU-0235,Faith Nekesa,Male,,
STU-0236,Nancy Omondi,Male,nancy.omondi56@gmail.com,+254723335151
STU-0237,Xavier Auma,Unknown,,
STU-0238,Rehema Kiptoo,Unknown,,
STU-0239,Diana Kamau,Female,,
STU-0240,Daniel Chebet,Male,daniel.chebet82@gmail.com,+254737542226
STU-0241,Esther Auma,Male,esther.auma39@gmail.com,+254754098516
STU-0242,James Nekesa,Male,,
STU-0243,James Njoroge,Female,,
STU-0244,Irene Otieno,Male,,
STU-0245,Loise Chebet,Male,loise.chebet26@gmail.com,+254766500369
STU-0246,Halima Achieng,Unknown,,
STU-0247,Loise Achieng,Male,loise.achieng88@gmail.com,+254715820356
STU-0248,Halima Mwangi,Male,,
STU-0249,Daniel Wekesa,Unknown,,
STU-0250,Grace Wekesa,Female,,
STU-0251,Felix Chebet,Female,felix.chebet45@gmail.com,+254793794475
STU-0252,Loise Auma,Female,,
STU-0253,Simon Omondi,Male,,
STU-0254,Hassan Auma,Unknown,hassan.auma67@gmail.com,+254740667888
STU-0255,Diana Kariuki,Male,diana.kariuki64@gmail.com,+254751946203
STU-0256,James Wekesa,Male,,
STU-0257,Felix Muthoni,Male,,
STU-0258,Irene Auma,Male,,
STU-0259,Hassan Muthoni,Male,,
STU-0260,Betty Wanjiru,Unknown,,